{
  "ACC": 0.9093495934959349,
  "NMI": 0.9582784057315025,
  "PUR": 0.9111788617886178,
  "ARI": 0.8842471311933325,
  "epoch": 218
}