{
  "ACC": 0.9740853658536586,
  "NMI": 0.9913823047598921,
  "PUR": 0.9741869918699188,
  "ARI": 0.9704049814482489,
  "epoch": 298
}