{
  "ACC": 0.9494918699186992,
  "NMI": 0.9756849593056796,
  "PUR": 0.95,
  "ARI": 0.9353370567617897,
  "epoch": 225
}