{
  "ACC": 0.9721544715447155,
  "NMI": 0.9941250385976101,
  "PUR": 0.9721544715447155,
  "ARI": 0.9719132375406873,
  "epoch": 258
}