{
  "ACC": 0.9580284552845528,
  "NMI": 0.9868343766831855,
  "PUR": 0.9582317073170732,
  "ARI": 0.9510124245553174,
  "epoch": 290
}