{
  "ACC": 0.8865,
  "NMI": 0.8705522572599544,
  "PUR": 0.8865,
  "ARI": 0.8261734169992648,
  "epoch": 212
}