{
  "ACC": 0.9225,
  "NMI": 0.879763000642164,
  "PUR": 0.9225,
  "ARI": 0.8458880343283293,
  "epoch": 224
}