{
  "ACC": 0.189,
  "NMI": 0.19342169159663997,
  "PUR": 0.189,
  "ARI": 0.028386068852258813,
  "epoch": 201
}