{
  "ACC": 0.885,
  "NMI": 0.828970128896261,
  "PUR": 0.885,
  "ARI": 0.7811238993106417,
  "epoch": 208
}