{
  "ACC": 0.9575,
  "NMI": 0.9119798865546052,
  "PUR": 0.9575,
  "ARI": 0.9089347432286866,
  "epoch": 217
}