{
  "ACC": 0.32436211114994756,
  "NMI": 0.22956594792919394,
  "PUR": 0.6310730513806362,
  "ARI": 0.13403615781170897,
  "epoch": 201
}