{
  "ACC": 0.3483047885354771,
  "NMI": 0.22234802499813466,
  "PUR": 0.64697658161482,
  "ARI": 0.16031357254226122,
  "epoch": 201
}