{
  "ACC": 0.31964348130024467,
  "NMI": 0.22020662315729037,
  "PUR": 0.6305487591751135,
  "ARI": 0.15054590116119804,
  "epoch": 201
}