{
  "ACC": 0.4702901083537225,
  "NMI": 0.2448352312038893,
  "PUR": 0.6335197483397413,
  "ARI": 0.2069252407446973,
  "epoch": 201
}