{
  "ACC": 0.3718979377839916,
  "NMI": 0.21434610736344684,
  "PUR": 0.6322963998601887,
  "ARI": 0.06473662112700936,
  "epoch": 201
}