{
  "dataset": "AwA2",
  "method": "KMeans",
  "seed": 1,
  "ACC": 0.8665650406504065,
  "NMI": 0.9301568086035287,
  "ARI": 0.8277121621657363,
  "n_iter": 36
}