{
  "dataset": "AwA2",
  "method": "KMeans",
  "seed": 3,
  "ACC": 0.8429878048780488,
  "NMI": 0.9198544678895912,
  "ARI": 0.80887176627719,
  "n_iter": 26
}