{
  "dataset": "AwA2",
  "method": "KMeans",
  "seed": 4,
  "ACC": 0.8410569105691057,
  "NMI": 0.9230771276541351,
  "ARI": 0.8127808357266784,
  "n_iter": 24
}