{
  "dataset": "AwA2",
  "method": "KMeans",
  "seed": 0,
  "ACC": 0.8315040650406504,
  "NMI": 0.9152570328310666,
  "ARI": 0.7986974193372461,
  "n_iter": 44
}