{
  "dataset": "AwA2",
  "method": "KMeans",
  "seed": 2,
  "ACC": 0.8384146341463414,
  "NMI": 0.9210302733399385,
  "ARI": 0.802708008519182,
  "n_iter": 18
}