{
  "dataset": "MFeat",
  "method": "KMeans",
  "seed": 1,
  "ACC": 0.905,
  "NMI": 0.8367047010075044,
  "ARI": 0.8045103881129749,
  "n_iter": 17
}