{
  "dataset": "MFeat",
  "method": "KMeans",
  "mean": {
    "ACC": 0.8085000000000001,
    "NMI": 0.8117573013981255,
    "ARI": 0.740409760405859
  },
  "std": {
    "ACC": 0.054181408250432196,
    "NMI": 0.014428487931172356,
    "ARI": 0.0365634009700549
  },
  "n_iter_mean": 17.6,
  "n_iter_std": 7.6681158050723255,
  "N": 2000
}