{
  "dataset": "MFeat",
  "method": "KMeans",
  "seed": 4,
  "ACC": 0.7905,
  "NMI": 0.8117308356975066,
  "ARI": 0.7365775871507243,
  "n_iter": 14
}