{
  "dataset": "MFeat",
  "method": "KMeans",
  "seed": 2,
  "ACC": 0.7845,
  "NMI": 0.802471636115286,
  "ARI": 0.7191663292681546,
  "n_iter": 13
}