{
  "dataset": "MFeat",
  "method": "KMeans",
  "seed": 3,
  "ACC": 0.7765,
  "NMI": 0.802965702001263,
  "ARI": 0.7185314984615935,
  "n_iter": 31
}