{
  "dataset": "MFeat",
  "method": "KMeans",
  "seed": 0,
  "ACC": 0.786,
  "NMI": 0.8049136321690674,
  "ARI": 0.7232629990358477,
  "n_iter": 13
}