{
  "dataset": "Reuters",
  "method": "KMeans",
  "seed": 3,
  "ACC": 0.3222649423278574,
  "NMI": 0.20702690682787814,
  "ARI": 0.03468917860039429,
  "n_iter": 32
}