{
  "dataset": "Reuters",
  "method": "KMeans",
  "seed": 2,
  "ACC": 0.5214959804264243,
  "NMI": 0.273780379626248,
  "ARI": 0.1419364763254011,
  "n_iter": 35
}