{
  "dataset": "Reuters",
  "method": "KMeans",
  "seed": 1,
  "ACC": 0.4507165326808808,
  "NMI": 0.2647102533481239,
  "ARI": -0.022914142326745515,
  "n_iter": 21
}