{
  "dataset": "Reuters",
  "method": "KMeans",
  "seed": 4,
  "ACC": 0.423628102062216,
  "NMI": 0.2622052029626882,
  "ARI": -0.03809070274914023,
  "n_iter": 16
}