{
  "dataset": "Reuters",
  "method": "KMeans",
  "seed": 0,
  "ACC": 0.4933589653967144,
  "NMI": 0.3011713621714043,
  "ARI": 0.07161017863022016,
  "n_iter": 29
}