{
  "ACC": 0.904369918699187,
  "NMI": 0.9579136080916052,
  "ARI": 0.8794698752153226,
  "epoch": 18
}