{
  "ACC": 0.9296747967479675,
  "NMI": 0.9795585692396269,
  "ARI": 0.9288978774157911,
  "epoch": 34
}