{
  "ACC": 0.8921747967479675,
  "NMI": 0.95798383061302,
  "ARI": 0.881118981862167,
  "epoch": 9
}