{
  "ACC": 0.9264227642276422,
  "NMI": 0.9730052372528143,
  "ARI": 0.9153045772818377,
  "epoch": 26
}