{
  "ACC": 0.9033536585365853,
  "NMI": 0.9645609950162216,
  "ARI": 0.8896901373005668,
  "epoch": 6
}