{
  "ACC": 0.966,
  "NMI": 0.9243743565901495,
  "ARI": 0.9250822602151794,
  "epoch": 7
}