{
  "ACC": 0.9685,
  "NMI": 0.9297655917637607,
  "ARI": 0.9305332030511807,
  "epoch": 17
}