{
  "ACC": 0.9245,
  "NMI": 0.8723809752110209,
  "ARI": 0.8222005332428859,
  "epoch": 4
}