{
  "ACC": 0.969,
  "NMI": 0.9285875825028217,
  "ARI": 0.9317158546348985,
  "epoch": 7
}