{
  "ACC": 0.966,
  "NMI": 0.9280082255096772,
  "ARI": 0.926120644466686,
  "epoch": 25
}