{
  "ACC": 0.39217056973086334,
  "NMI": 0.3188134670497344,
  "ARI": 0.045201129733037054,
  "epoch": 36
}