{
  "ACC": 0.4138413142257952,
  "NMI": 0.2763346120298107,
  "ARI": 0.08789855113677841,
  "epoch": 5
}