{
  "ACC": 0.40510311080041944,
  "NMI": 0.31154486213050925,
  "ARI": 0.05950592366079512,
  "epoch": 10
}