{
  "ACC": 0.4187347081440056,
  "NMI": 0.3222155209864127,
  "ARI": 0.07502130220823884,
  "epoch": 24
}