{
  "ACC": 0.37923802866130724,
  "NMI": 0.28181305746295776,
  "ARI": 0.07059273165855257,
  "epoch": 22
}